Date,AAPL,AMZN,BitcoinUSD,CBOE,Crude_Oil,DowJonesInd,FB,GoldJun,GOOG,IMMU,JNUG,Nasdaq,Netflix,Nikkei225,Russel2000,S&P500,TGTCorp,TSLA,USDJPY,WLL
2019-02-04,168.315582,1633.310059,3459.154053,15.73,54.560001,25239.369141,169.25,1314.300049,1132.800049,15.15,55.171822,7347.540039,351.339996,20883.769531,1517.540039,2724.870117,69.806366,312.890015,109.438004,30.07
2019-02-05,171.195389,1658.810059,3466.357422,15.57,53.66,25411.519531,171.160004,1314.199951,1145.98999,14.97,56.613247,7402.080078,355.809998,20844.449219,1520.22998,2737.699951,70.124359,321.350006,109.960999,28.75
2019-02-06,171.254364,1640.26001,3413.767822,15.38,54.009998,25390.300781,170.490005,1309.5,1115.22998,14.78,53.133942,7375.279785,352.190002,20874.060547,1518.02002,2731.610107,69.873817,317.220001,109.941002,28.799999
2019-02-07,168.01091,1614.369995,3399.47168,16.370001,52.639999,25169.529297,166.380005,1309.400024,1098.709961,14.35,50.698429,7288.350098,344.709991,20751.279297,1505.630005,2706.050049,69.247444,307.51001,109.973999,26.950001
2019-02-08,168.208328,1588.219971,3666.780273,15.72,52.720001,25106.330078,167.330002,1313.699951,1095.060059,14.04,54.078327,7298.200195,347.570007,20333.169922,1506.390015,2707.879883,68.30307,305.799988,109.755997,26.379999
2019-02-11,167.240967,1591,3671.203613,15.97,null,25053.109375,165.789993,null,1095.01001,13.93,51.791924,7307.899902,345.730011,20864.210938,1518.97998,2709.800049,67.599625,312.839996,109.809998,26.67
2019-02-12,168.682114,1638.01001,3690.188232,15.43,52.41,25425.759766,165.039993,1307,1121.369995,13.84,52.239262,7414.620117,359.970001,21144.480469,1538.22998,2744.72998,67.850166,311.809998,110.400002,27.25
2019-02-13,167.981277,1640,3648.430664,15.65,53.099998,25543.269531,164.070007,1309.199951,1120.160034,14.3,51.891335,7420.379883,351.769989,21139.710938,1542.939941,2753.030029,69.931633,308.170013,110.514999,27.719999
2019-02-14,168.593292,1622.650024,3653.528564,16.219999,53.900002,25439.390625,163.949997,1310.800049,1121.670044,14.01,53.879505,7426.950195,359.070007,20900.630859,1545.109985,2745.72998,69.555809,303.769989,110.922997,28.639999
2019-02-15,168.218201,1607.949951,3632.070557,14.91,54.41,25883.25,162.5,1309.800049,1113.650024,14.23,57.060589,7472.410156,356.869995,21281.849609,1569.25,2775.600098,70.191811,307.880005,110.538002,29.360001
2019-02-19,168.721588,1627.579956,3616.880859,14.88,55.59,25891.320313,162.289993,1318.099976,1118.560059,14.31,64.118607,7486.77002,361.920013,21302.650391,1574.469971,2779.76001,71.26123,305.640015,110.564003,29.290001
2019-02-20,169.807388,1622.099976,3620.810791,14.02,null,25954.439453,162.559998,null,1113.800049,14.36,64.715057,7489.069824,359.910004,21431.490234,1581.660034,2784.699951,70.68763,302.559998,110.591003,29.870001
2019-02-21,168.84993,1619.439941,3629.787598,14.46,56.09,25850.630859,160.039993,1340.099976,1096.969971,14.31,60.838116,7459.709961,356.970001,21464.230469,1575.550049,2774.879883,70.026543,291.230011,110.571999,29.07
2019-02-22,170.735229,1631.560059,3673.836182,13.51,56.919998,26031.810547,161.889999,1343.300049,1110.369995,14.89,61.43457,7527.540039,363.019989,21425.509766,1590.060059,2792.669922,70.240425,294.709991,110.764999,29.07
2019-02-25,171.978958,1633,3915.714355,14.85,56.959999,26091.949219,164.619995,1323.5,1109.400024,15.18,58.154079,7554.459961,363.910004,21528.230469,1588.810059,2796.110107,71.066788,298.769989,110.708,28.34
2019-02-26,172.077667,1636.400024,3947.094482,15.17,57.259998,26057.980469,164.130005,1329.199951,1115.130005,16.24,59.396687,7549.299805,364.970001,21449.390625,1577.47998,2793.899902,70.279312,297.859985,110.772003,28.129999
2019-02-27,172.610687,1641.089966,3999.820557,14.7,null,25985.160156,162.809998,null,1116.050049,16.5,55.668865,7554.509766,362.869995,21556.509766,1581.050049,2792.379883,70.989006,314.73999,111.045998,25.01
2019-02-28,170.912918,1639.829956,3954.118164,14.78,55.48,25916,161.449997,1325.900024,1119.920044,15.76,53.730396,7532.529785,358.100006,21385.160156,1575.550049,2784.48999,70.619576,319.880005,110.556,24.370001
2019-03-01,172.709381,1671.72998,4005.526611,13.57,55.5,26026.320313,162.279999,1325.099976,1140.98999,16.549999,48.958775,7595.350098,357.320007,21602.689453,1589.640015,2803.689941,70.91124,294.790009,110.862,25.049999
2019-03-04,173.578033,1696.170044,4142.526855,14.63,56.939999,25819.650391,167.369995,1317.699951,1147.800049,16.91,48.759956,7577.569824,351.040009,21822.039063,1575.439941,2792.810059,70.648743,285.359985,111.357002,25.52
2019-03-05,173.262161,1692.430054,3810.42749,14.74,57.220001,25806.630859,171.259995,1312.800049,1162.030029,16.959999,48.859371,7576.359863,354.299988,21726.279297,1568.280029,2789.649902,73.886124,276.540009,111.938004,25.18
2019-03-06,172.265228,1668.949951,3882.696289,15.74,55.799999,25673.460938,172.509995,1296.400024,1157.859985,16.65,45.280655,7505.919922,359.609985,21596.810547,1536.819946,2771.449951,74.761086,276.23999,111.777,24.440001
2019-03-07,170.271317,1625.949951,3854.35791,16.59,null,25473.230469,169.130005,null,1143.300049,16.530001,46.572968,7421.459961,352.600006,21456.009766,1523.630005,2748.929932,74.051399,276.589996,111.865997,23.85
2019-03-08,170.676025,1620.800049,3851.047363,16.049999,56.59,25450.240234,169.600006,1284.800049,1142.319946,16.35,52.388378,7408.140137,349.600006,21025.560547,1521.880005,2743.070068,73.701408,284.140015,111.623001,22.540001
2019-03-11,176.588608,1670.619995,3854.7854,14.33,56.560001,25650.880859,172.070007,1282,1175.76001,17.48,51.145771,7558.060059,358.859985,21125.089844,1548.880005,2783.300049,74.148605,290.920013,111.634003,23.27
2019-03-12,178.572662,1673.099976,3859.58374,13.77,56.220001,25554.660156,171.919998,1284.900024,1193.199951,17.5,54.028618,7591.029785,356.269989,21503.689453,1549.829956,2791.52002,74.061119,283.359985,111.080002,23.709999
2019-03-13,179.36232,1690.810059,3864.415039,13.41,56.66,25702.890625,173.369995,1283.800049,1193.319946,17.950001,55.768269,7643.410156,361.209991,21290.240234,1555.880005,2810.919922,74.974968,288.959991,111.342003,25.52
2019-03-14,181.356216,1686.219971,3847.175781,13.5,56.07,25709.939453,170.169998,1297,1185.550049,17.940001,51.29488,7630.910156,358.820007,21287.019531,1549.640015,2808.47998,74.362495,289.959991,111.306,25.209999
2019-03-15,183.715332,1712.359985,3761.557129,12.88,null,25848.869141,165.979996,null,1184.459961,18.559999,52.239262,7688.529785,361.459991,21450.849609,1553.540039,2822.47998,74.527779,275.429993,111.195999,25.52
2019-03-18,185.590805,1742.150024,3896.375,13.1,56.790001,25914.099609,160.470001,1288.800049,1184.26001,18.84,50.797836,7714.47998,363.440002,21584.5,1563.930054,2832.939941,75.713837,269.48999,111.752998,25.32
2019-03-19,184.120056,1761.849976,3903.942627,13.56,56.869999,25887.380859,161.570007,1296.300049,1198.849976,18.799999,51.538078,7723.950195,358.779999,21566.849609,1554.98999,2832.570068,76.277695,267.470001,111.560997,24.59
2019-03-20,185.728989,1797.27002,3911.484375,13.91,58.259998,25745.669922,165.440002,1307.5,1223.969971,18.35,55.567593,7728.970215,375.220001,21608.919922,1543.160034,2824.22998,75.383301,273.600006,111.373001,26.73
2019-03-21,192.569427,1819.26001,3901.131592,13.63,58.610001,25962.509766,166.080002,1293.400024,1231.540039,18.290001,55.81633,7838.959961,377.869995,21627.339844,1562.410034,2854.879883,77.279045,274.019989,111.401001,27.389999
2019-03-22,188.58165,1764.77002,3963.313721,16.48,58.52,25502.320313,164.339996,1301.800049,1205.5,17.5,53.776695,7642.669922,361.01001,20977.109375,1505.920044,2800.709961,76.141594,264.529999,110.660004,25.6
2019-03-25,186.301483,1774.26001,3951.599854,16.33,null,25516.830078,166.289993,null,1193,17.58,57.457989,7637.540039,366.230011,21428.390625,1512.859985,2798.360107,76.345757,260.420013,110.806,25.540001
2019-03-26,184.376678,1783.76001,3905.227295,14.68,59.09,25657.730469,167.679993,1300.300049,1184.619995,18.1,57.457989,7691.52002,359.970001,21378.730469,1528.170044,2818.459961,77.415154,267.769989,110.081001,25.809999
2019-03-27,186.034973,1765.699951,3909.15625,15.15,59.029999,25625.589844,165.869995,1305,1173.02002,17.93,54.522907,7643.379883,353.369995,21033.759766,1522.22998,2805.370117,77.599876,274.829987,110.068001,25.92
2019-03-28,186.281738,1773.420044,3906.717285,14.43,59.830002,25717.460938,165.550003,1300.5,1168.48999,18.57,48.752235,7669.169922,354.609985,21205.810547,1535.099976,2815.439941,78.085968,278.619995,110.554001,26.07
2019-03-29,187.495865,1780.75,3924.369141,13.71,59.98,25928.679688,166.690002,1306.099976,1173.310059,19.209999,48.801983,7729.319824,356.559998,21509.029297,1539.73999,2834.399902,78.027634,279.859985,110.489998,26.139999
2019-04-01,188.769211,1814.189941,3960.911133,13.4,59.040001,26258.419922,168.699997,1311.599976,1194.430054,17.59,44.772461,7828.910156,366.959991,21505.310547,1556.060059,2867.189941,77.745697,289.179993,110.637001,27.450001
2019-04-02,191.51329,1813.97998,4048.72583,13.36,null,26179.130859,174.199997,null,1200.48999,18.040001,45.021198,7848.689941,367.720001,21713.210938,1553.319946,2867.23999,77.249886,285.880005,110.995003,27.17
2019-04-03,192.826111,1820.699951,4025.229004,13.74,58.82,26218.130859,173.539993,1321.900024,1205.920044,17.98,45.61816,7895.549805,369.75,21724.949219,1560.910034,2873.399902,77.10405,291.809998,111.450996,26.65
2019-04-04,193.161682,1818.859985,4032.507324,13.58,59.939999,26384.630859,176.020004,1314.300049,1215,17.870001,48.354256,7891.779785,367.880005,21807.5,1567.48999,2879.389893,79.116478,267.779999,111.305,27.879999
2019-04-05,194.454758,1837.280029,4071.190186,12.82,59.41,26424.990234,175.720001,1309.900024,1207.150024,18,48.553246,7938.689941,365.48999,21761.650391,1582.560059,2892.73999,78.688728,274.959991,111.394997,29.49
2019-04-08,197.514709,1849.859985,4087.476318,13.18,59.299999,26341.019531,174.929993,1289.800049,1203.839966,18.290001,50.891361,7953.879883,361.410004,21802.589844,1579,2895.77002,79.651176,273.200012,111.657997,29.77
2019-04-09,196.92247,1835.839966,4029.326904,14.28,60.139999,26150.580078,177.580002,1293,1197.25,18.07,51.786808,7909.279785,364.709991,21687.570313,1559.680054,2878.199951,78.416512,272.309998,111.710999,29.52
2019-04-10,198.027985,1847.329956,4023.968262,13.3,null,26157.160156,177.820007,null,1202.160034,18.860001,49.846672,7964.240234,363.920013,21711.380859,1581.550049,2888.209961,78.504013,276.059998,111.456001,30.299999
2019-04-11,196.379578,1844.069946,4035.826416,13.02,61.59,26143.050781,177.509995,1288.400024,1204.619995,18.57,46.364368,7947.359863,367.649994,21870.560547,1579.140015,2888.320068,78.212349,268.420013,111.105003,30.059999
2019-04-12,196.300613,1843.060059,4022.168213,12.01,62.580002,26412.300781,179.100006,1290,1217.869995,18.51,45.518669,7984.160156,351.140015,22169.109375,1584.800049,2907.409912,78.484558,267.700012,110.985001,30.35
2019-04-15,196.65596,1844.869995,3963.070557,12.32,62.459999,26384.769531,179.649994,1289.900024,1221.099976,18.27,44.722713,7976.009766,348.869995,22221.660156,1579.170044,2905.580078,79.699806,266.380005,111.621002,30.07
2019-04-16,196.675705,1863.040039,3985.080811,12.18,62.099998,26452.660156,178.869995,1289,1227.130005,17.49,41.936874,8000.22998,359.459991,22277.970703,1582.790039,2907.060059,79.690079,273.359985,112.028,28.73
2019-04-17,200.505585,1864.819946,4087.066162,12.6,63.080002,26449.539063,178.779999,1290.400024,1236.339966,16.65,41.4394,7996.080078,354.73999,22090.119141,1567.599976,2900.449951,80.380325,271.230011,111.943001,27.870001
2019-04-18,201.226151,1861.689941,4069.107178,12.09,null,26559.539063,178.279999,null,1236.369995,16.99,38.952042,7998.060059,360.350006,22200.560547,1565.75,2905.030029,80.944199,273.26001,111.992996,27.43
2019-04-22,201.887497,1887.310059,4098.374512,12.42,64.400002,26511.050781,181.440002,1297.099976,1248.839966,16.65,36.514431,8015.27002,377.339996,22217.900391,1560.040039,2907.969971,79.738678,262.75,112.036003,29.35
2019-04-23,204.799362,1923.77002,4106.660156,12.28,63.98,26656.390625,183.779999,1303.5,1264.550049,16.98,35.817966,8120.819824,381.890015,22259.740234,1585.089966,2933.679932,79.874794,263.899994,111.988998,29.35
2019-04-24,204.483505,1901.75,4105.404297,13.14,64.610001,26597.050781,182.580002,1309.099976,1256,16.129999,37.708363,8102.009766,374.230011,22200,1588.130005,2927.25,80.57476,258.660004,111.910004,28
2019-04-25,202.627808,1902.25,4158.183105,13.25,63.580002,26462.080078,193.259995,1288.599976,1263.449951,16.66,37.210892,8118.680176,368.329987,22307.580078,1575.609985,2926.169922,79.466469,247.630005,111.929001,28.139999
2019-04-26,201.660461,1950.630005,4879.87793,12.73,63.889999,26543.330078,191.490005,1290.599976,1272.180054,16.5,40.64344,8146.399902,374.850006,22258.730469,1589.900024,2939.879883,74.974968,235.139999,111.876999,27.690001
2019-04-29,201.966461,1938.430054,4973.021973,13.11,null,26554.390625,194.779999,null,1287.579956,15.61,37.608864,8161.850098,371.829987,21923.720703,1598.359985,2943.030029,75.636063,241.470001,112.129997,27.98
2019-04-30,198.077362,1926.52002,4922.798828,13.12,63.400002,26592.910156,193.399994,1286.800049,1188.47998,16.02,37.608864,8095.390137,370.540009,21602.589844,1591.209961,2945.830078,75.266624,238.690002,111.539001,27.389999
2019-05-01,207.80011,1911.52002,5036.681152,14.8,64.050003,26430.140625,193.029999,1272.599976,1168.079956,14.95,35.419991,8049.640137,378.809998,21402.130859,1576.380005,2923.72998,73.5653,234.009995,111.593002,26.530001
2019-05-02,206.4478,1900.819946,5059.817383,14.42,63.759998,26307.789063,192.529999,1272.199951,1162.609985,14.9,33.330608,8036.77002,379.059998,21344.919922,1582.650024,2917.52002,74.294441,244.100006,111.677002,23.110001
2019-05-03,209.014221,1962.459961,5198.896973,12.87,64,26504.949219,195.470001,1271.900024,1185.400024,14.74,34.027069,8164,385.029999,21191.279297,1614.02002,2945.639893,73.827797,255.029999,111.394997,23.530001
2019-05-06,205.786469,1950.550049,5289.770996,15.44,null,26438.480469,193.880005,null,1189.390015,14.65,34.226059,8123.290039,378.670013,21067.230469,1614.97998,2932.469971,73.866684,255.339996,111.452003,23.620001
2019-05-07,200.239075,1921,5204.958496,19.32,65.699997,25965.089844,189.770004,1273.5,1174.099976,14.16,36.464684,7963.759766,370.459991,21188.560547,1582.310059,2884.050049,72.952827,247.059998,111.495003,23.549999
2019-05-08,200.278534,1917.77002,5324.551758,19.4,66.300003,25967.330078,189.539993,1269.300049,1166.27002,14.5,34.773277,7943.319824,364.369995,21062.980469,1574.969971,2879.419922,73.312531,244.839996,110.623001,23.790001
2019-05-09,198.126709,1899.869995,5064.487793,19.1,65.889999,25828.359375,188.649994,1275.5,1162.380005,14.32,34.375301,7910.589844,362.75,21250.089844,1570.060059,2870.719971,73.020882,241.979996,110.805,23.690001
2019-05-10,195.381973,1889.97998,5089.539063,16.040001,65.209999,25942.369141,188.339996,1275.800049,1164.27002,15.24,33.778332,7916.939941,361.040009,21301.730469,1572.98999,2881.399902,72.56395,239.520004,110.257004,23.889999
2019-05-13,184.026489,1822.680054,5096.586426,20.549999,63.299999,25324.990234,181.539993,1284.900024,1132.030029,14.9,36.763165,7647.02002,345.26001,21272.449219,1523,2811.870117,69.686279,227.009995,110.028,22.540001
2019-05-14,186.939667,1840.119995,5167.722168,18.059999,null,25532.050781,180.729996,null,1120.439941,15.41,36.066704,7734.490234,345.609985,21283.369141,1543.060059,2834.409912,69.902092,232.309998,109.806999,23.77
2019-05-15,189.179062,1871.150024,5067.108398,16.440001,63.5,25648.019531,186.270004,1278.599976,1164.209961,14.93,35.817966,7822.149902,354.98999,21151.140625,1548.27002,2850.959961,69.460663,231.949997,109.653999,24.389999
2019-05-16,188.346725,1907.569946,5235.55957,15.29,63.91,25862.679688,186.990005,1282.800049,1178.97998,16.059999,34.226059,7898.049805,359.309998,21117.220703,1557.23999,2876.320068,69.431236,228.330002,109.153999,24.540001
2019-05-17,187.276581,1869,5251.937988,15.96,63.599998,25764,185.300003,1281.400024,1162.300049,15.61,34.673779,7816.279785,354.450012,21182.580078,1535.76001,2859.530029,69.539139,211.029999,109.670998,23.48
2019-05-20,181.420471,1858.969971,5298.385742,16.309999,61.810001,25679.900391,182.720001,1269.699951,1138.849976,15.44,33.977322,7702.379883,348.109985,21260.140625,1524.959961,2840.22998,70.706467,205.360001,109.474998,22.74
2019-05-21,184.898468,1857.52002,5303.8125,14.95,61.939999,25877.330078,184.820007,1279.199951,1149.630005,15.83,34.076817,7785.720215,354.269989,21003.369141,1545.25,2864.360107,70.588745,205.080002,109.871002,23.459999
2019-05-22,181.113281,1859.680054,5337.88623,14.75,null,25776.609375,185.320007,null,1151.420044,14.8,31.937689,7750.839844,359.730011,20942.529297,1531.630005,2856.27002,76.082039,192.729996,110.160004,20.940001
2019-05-23,178.021744,1815.47998,5314.53125,16.92,62.25,25490.470703,180.869995,1281.699951,1140.77002,14.43,32.435158,7628.279785,352.209991,20601.189453,1501.380005,2822.23999,77.886978,195.490005,110.07,19.32
2019-05-24,177.338043,1823.280029,5399.365234,15.85,61.400002,25585.689453,181.059998,1283.5,1133.469971,14.8,32.78339,7637.009766,354.390015,20410.880859,1514.109985,2826.060059,80.015625,190.630005,null,19.24
2019-05-28,176.604782,1836.430054,5572.361816,17.5,62.119999,25347.769531,184.309998,1279.400024,1134.150024,14.06,32.18642,7607.350098,355.059998,20408.539063,1504.02002,2802.389893,79.230865,188.699997,110.221001,19.450001
2019-05-29,175.762527,1819.189941,5464.866699,17.9,61.700001,25126.410156,182.190002,1283.5,1116.459961,14.04,31.987436,7547.310059,349.190002,20776.099609,1489.949951,2783.02002,78.122406,189.860001,109.557999,19.799999
2019-05-30,176.674149,1816.319946,5210.515625,17.299999,61.66,25169.880859,183.009995,1285.699951,1117.949951,13.49,33.828079,7567.720215,351.850006,20774.039063,1485.530029,2788.860107,78.858109,188.220001,109.401001,18.879999
2019-05-31,173.473602,1775.069946,5279.348145,18.709999,null,24815.039063,177.470001,null,1103.630005,13.07,37.559116,7453.149902,343.279999,20884.710938,1465.48999,2752.060059,78.916962,185.160004,109.509003,18.379999
2019-06-03,171.719727,1692.689941,5268.291016,18.860001,61.040001,24819.779297,164.149994,1300.099976,1036.22998,11.98,43.081059,7333.02002,336.630005,21134.419922,1469.97998,2744.449951,81.369324,178.970001,109.346001,18.559999
2019-06-04,178.001923,1729.560059,5285.13916,16.969999,61.779999,25332.179688,167.5,1294.699951,1053.050049,12.24,43.280045,7527.120117,353.399994,21204.279297,1508.560059,2803.27002,84.214066,193.600006,109.542,19.219999
2019-06-05,180.875458,1738.5,5247.352539,16.09,62.02,25539.570313,168.169998,1296.300049,1042.219971,12.67,42.086113,7575.47998,355.730011,21129.720703,1506.790039,2826.149902,83.860916,196.589996,109.357002,17.57
2019-06-06,183.531036,1754.359985,5350.726563,15.93,62.869999,25720.660156,168.330002,1285,1044.339966,12.53,42.931816,7615.549805,357.130005,21032,1499.290039,2843.48999,84.066925,205.949997,108.211998,17.969999
2019-06-07,188.416077,1804.030029,5402.697266,16.299999,62.759998,25983.939453,173.350006,1274.5,1066.040039,12.93,42.334846,7742.100098,360.869995,21116.890625,1514.390015,2873.340088,85.195015,204.5,108.027,17.83
2019-06-10,190.823929,1860.630005,5505.283691,15.94,null,26062.679688,174.820007,null,1080.380005,12.69,39.051537,7823.169922,352.01001,21124,1523.560059,2886.72998,85.881676,212.880005,108.253998,17.559999
2019-06-11,193.033585,1863.699951,5768.289551,15.99,63.099998,26048.509766,178.100006,1276.099976,1078.719971,12.48,40.344963,7822.569824,351.269989,20972.710938,1519.109985,2885.719971,86.175949,217.100006,108.328003,17.42
2019-06-12,192.41925,1855.319946,5831.16748,15.91,62.990002,26004.830078,175.039993,1272,1077.030029,12.56,42.633331,7792.720215,345.559998,21333.869141,1519.790039,2879.840088,86.57814,209.259995,108.454002,16.139999
2019-06-13,192.379593,1870.300049,5795.708496,15.82,61.419998,26106.769531,177.470001,1273.599976,1088.77002,12.74,44.523724,7837.129883,343.429993,21462.859375,1535.800049,2891.639893,86.617386,213.910004,108.448997,16.690001
2019-06-14,190.982468,1869.670044,5746.807129,15.28,57.91,26089.609375,181.330002,1284.800049,1085.349976,12.36,44.672966,7796.660156,339.730011,21258.640625,1522.5,2886.97998,86.117096,214.919998,108.359001,15.89
2019-06-17,192.121979,1886.030029,5829.501465,15.35,58.630001,26112.529297,189.009995,1283,1092.5,13.05,45.021198,7845.02002,350.619995,21285.990234,1532.75,2889.669922,85.479485,225.029999,108.473999,16.120001
2019-06-18,196.640396,1901.369995,5982.45752,15.15,null,26465.539063,188.470001,null,1103.599976,13.24,46.41412,7953.879883,357.119995,21193.810547,1550.22998,2917.75,84.82225,224.740005,108.487999,17.17
2019-06-19,196.065689,1908.790039,6174.528809,14.33,59.139999,26504,187.479996,1276.5,1102.329956,13.24,48.354256,7987.319824,363.519989,21086.589844,1555.579956,2926.459961,84.518166,226.429993,108.320999,16.68
2019-06-20,197.64119,1918.189941,6378.849121,14.75,58.810001,26753.169922,189.529999,1280.599976,1111.420044,13.29,56.512791,8051.339844,365.209991,21338.169922,1563.48999,2954.179932,84.5672,219.619995,108.575996,18.059999
2019-06-21,196.967377,1911.300049,7204.771484,15.4,56.59,26719.130859,191.139999,1287.099976,1121.880005,13.12,57.358498,8031.709961,369.209991,21275.919922,1549.630005,2950.459961,85.930717,221.860001,108.539001,17.51
2019-06-24,196.769211,1913.900024,6972.371582,15.26,53.5,26727.539063,192.600006,1305.800049,1115.52002,12.8,63.178913,8005.700195,371.040009,21729.970703,1530.079956,2945.350098,85.06749,223.639999,108.572998,17.07
2019-06-25,193.786667,1878.27002,7814.915039,16.280001,null,26548.220703,188.839996,null,1086.349976,13,59.746361,7884.720215,360.299988,21754.269531,1521.040039,2917.379883,84.066925,219.759995,108.114998,17.26
2019-06-26,197.978088,1897.829956,7994.416016,16.209999,53.25,26536.820313,187.660004,1322.699951,1079.800049,13.28,59.447876,7909.970215,362.200012,21638.160156,1521.890015,2913.780029,83.959023,219.270004,107.277,18.559999
2019-06-27,197.91864,1904.280029,8205.167969,15.82,53.48,26526.580078,189.5,1323.400024,1076.01001,13.85,58.552425,7967.759766,370.019989,21702.449219,1546.550049,2924.919922,84.233688,222.839996,107.311996,18.200001
2019-06-28,196.115219,1893.630005,7884.90918,15.08,51.68,26599.960938,193,1328.300049,1080.910034,13.87,59.646866,8006.240234,367.320007,21746.380859,1566.569946,2941.76001,84.959587,223.460007,107.327003,18.68
2019-07-01,199.712143,1922.189941,7343.895508,14.06,52.59,26717.429688,193,1337.599976,1097.949951,14.05,51.339085,8091.160156,374.600006,21534.349609,1566.569946,2964.330078,85.283302,227.169998,107.166,18.559999
2019-07-02,200.881363,1934.310059,7271.208008,12.93,53.990002,26786.679688,195,1341.199951,1111.25,14.19,58.781269,8109.089844,375.429993,21565.150391,1560.540039,2973.01001,85.381393,224.550003,107.737999,17.379999
2019-07-03,202.546051,1939,8197.689453,12.57,null,26966,197.199997,null,1121.579956,14.93,58.68177,8170.22998,381.720001,21533.480469,1572.119995,2995.820068,86.224998,234.899994,107.747002,17.129999
2019-07-05,202.367676,1942.910034,7978.309082,13.28,53.259998,26922.119141,196.399994,1324.699951,1131.589966,14.15,57.119709,8161.790039,380.549988,21643.529297,1575.619995,2990.409912,86.950905,233.100006,108.382004,17.01
2019-07-08,198.196075,1952.319946,7963.327637,13.96,53.27,26806.140625,195.759995,1326.400024,1116.349976,14,55.726788,8098.379883,376.160004,21685.900391,1561.390015,2975.949951,87.215759,230.339996,108.365997,16.709999
2019-07-09,199.404968,1988.300049,7680.066406,14.09,51.139999,26783.490234,199.210007,1331.900024,1124.829956,14,58.721569,8141.72998,379.929993,21535.25,1562.589966,2979.629883,86.126907,230.059998,107.805,16.870001
2019-07-10,201.376816,2017.410034,7881.84668,13.03,52.279999,26860.199219,202.729996,1339.199951,1140.47998,14.02,63.59679,8202.530273,381,21469.179688,1565.050049,2993.070068,84.214066,238.919998,107.778999,18.1
2019-07-11,199.910309,2001.069946,7987.371582,12.93,52.509998,27088.080078,201.229996,1340.099976,1144.209961,14.15,60.472668,8196.040039,379.5,21046.240234,1557.920044,2999.909912,84.82225,238.600006,107.807999,17.469999
2019-07-12,201.446182,2011,8052.543945,12.39,null,27332.029297,204.869995,null,1144.900024,14.67,62.790886,8244.139648,373.25,21466.990234,1570,3013.77002,85.862053,245.080002,108.473999,17.379999
2019-07-15,203.33876,2020.98999,8673.21582,12.68,51.93,27359.160156,203.910004,1338.699951,1150.339966,14.22,64.173859,8258.19043,366.600006,21416.789063,1561.819946,3014.300049,85.145973,253.5,108.721001,16.190001
2019-07-16,202.635223,2009.900024,8805.77832,12.86,53.900002,27335.630859,203.839996,1346.599976,1153.579956,14.47,64.22361,8222.799805,365.98999,21620.880859,1562,3004.040039,86.627182,252.380005,108.924004,15.54
2019-07-17,201.495712,1992.030029,8719.961914,13.97,53.759998,27219.849609,201.800003,1344.599976,1146.349976,14.99,72.839821,8185.209961,362.440002,21709.570313,1550.780029,2984.419922,86.18576,254.860001,108.334,15.06
2019-07-18,203.784653,1977.900024,8659.487305,13.53,56.650002,27222.970703,200.779999,1392.900024,1146.329956,15.3,85.714386,8207.240234,325.209991,21756.550781,1555.619995,2995.110107,86.813576,253.539993,108.587997,15.34
2019-07-19,200.742645,1964.52002,8319.472656,14.45,57.43,27154.199219,198.360001,1396.199951,1130.099976,14.93,83.037987,8146.490234,315.100006,21658.150391,1547.900024,2976.610107,86.332909,258.179993,107.832001,15.66
2019-07-22,205.330429,1985.630005,8574.501953,13.53,null,27171.900391,202.320007,null,1138.069946,15.49,85.226868,8204.139648,310.619995,21616.800781,1544.780029,2985.030029,85.557961,255.679993,107.889,15.78
2019-07-23,206.935638,1994.48999,8564.016602,12.61,57.900002,27349.189453,202.360001,1414.300049,1146.209961,15.29,81.127693,8251.400391,307.299988,21709.310547,1554.959961,3005.469971,86.852806,260.170013,108.200996,16.299999
2019-07-24,206.767212,2000.810059,8742.958008,12.07,57.830002,27269.970703,204.660004,1414.900024,1137.810059,15.06,85.48555,8321.5,317.940002,21521.529297,1580.420044,3019.560059,87.392319,264.880005,107.936996,16.620001
2019-07-25,205.132263,1973.819946,8208.995117,12.74,59.380001,27140.980469,200.710007,1411.599976,1132.119995,14.93,76.988731,8238.540039,326.459991,21540.990234,1561.449951,3003.669922,86.293678,228.820007,107.401001,16.32
2019-07-26,205.845688,1943.050049,7707.770996,12.16,59.43,27192.449219,199.75,1408.400024,1250.410034,15.28,76.769844,8330.209961,335.779999,21087.160156,1578.969971,3025.860107,85.401009,228.039993,107.809998,15.98
2019-07-29,207.76799,1912.449951,7824.231445,12.83,58.470001,27221.349609,195.940002,1409.699951,1239.410034,15.35,81.127693,8293.330078,332.700012,20720.289063,1569.030029,3020.969971,85.567772,235.770004,107.903999,16.02
2019-07-30,206.87619,1898.530029,7822.023438,13.94,null,27198.019531,197.039993,null,1225.140015,15.32,83.694656,8273.610352,325.929993,20585.310547,1585.599976,3013.179932,85.224442,242.259995,108.232002,17.200001
2019-07-31,211.097366,1866.780029,8043.951172,16.120001,59.09,26864.269531,194.229996,1385.599976,1216.680054,14.75,69.984322,8175.419922,322.98999,20516.560547,1574.609985,2980.379883,84.753586,241.610001,108.189003,17.68
2019-08-01,206.529373,1855.319946,7954.12793,17.870001,56.25,26583.419922,192.729996,1404.599976,1209.01001,14.45,80.640175,8111.120117,319.5,20593.349609,1550.76001,2953.560059,81.045624,233.850006,108.666,10.84
2019-08-02,202.159607,1823.23999,7688.077148,17.610001,null,26485.009766,189.020004,null,1193.98999,13.82,79.973557,8004.069824,318.829987,20684.820313,1533.660034,2932.050049,79.966568,234.339996,108.633003,11.06
2019-08-05,191.576981,1765.130005,8000.32959,24.59,57.509998,25717.740234,181.729996,1396.699951,1152.319946,13.61,90.131927,7726.040039,307.630005,20455.439453,1487.410034,2844.73999,79.250496,228.320007,108.865997,10.65
2019-08-06,195.203613,1787.829956,7927.714355,20.17,null,26029.519531,184.509995,null,1169.949951,14.78,89.365837,7833.27002,310.100006,20655.130859,1502.089966,2881.77002,81.192749,230.75,108.561996,9.79
2019-08-07,197.225006,1793.400024,8145.857422,19.49,57.66,26007.070313,185.149994,1397,1173.98999,14.8,95.017113,7862.830078,304.290009,20405.650391,1500.689941,2883.97998,81.428185,233.419998,108.82,9.46
2019-08-08,201.574982,1832.890015,8230.923828,16.91,57.830002,26378.189453,190.160004,1397.5,1204.800049,15.57,100.051521,8039.160156,315.899994,20418.810547,1532.130005,2938.090088,82.203133,238.300003,107.431,9.76
2019-08-09,199.913925,1807.579956,8693.833008,17.969999,60.43,26287.439453,187.850006,1410.099976,1188.01001,15.07,94.937515,7959.140137,308.929993,20563.160156,1513.040039,2918.649902,80.839622,235.009995,106.577003,9.35
2019-08-12,199.406647,1784.920044,8838.375,21.09,60.200001,25896.439453,185.369995,1404.300049,1174.709961,15.35,89.256386,7863.410156,310.829987,20677.220703,1495.900024,2882.699951,80.466858,229.009995,105.593002,9.2
2019-08-13,207.851212,1824.339966,8994.488281,17.52,60.209999,26279.910156,188.449997,1409.900024,1197.27002,15.3,83.316566,8016.359863,312.279999,20618.570313,1510.579956,2926.320068,82.634735,235,106.336998,9.27
2019-08-14,201.664505,1762.959961,9320.352539,22.1,null,25479.419922,179.710007,null,1164.290039,14.9,81.336639,7773.939941,299.109985,20628.009766,1467.52002,2840.600098,80.329521,219.619995,106.121002,8.59
2019-08-15,200.659912,1776.119995,9081.762695,21.18,59.580002,25579.390625,182.589996,1411.400024,1167.26001,14.37,85.187073,7766.620117,295.76001,20710.910156,1461.650024,2847.600098,80.986755,215.639999,105.874001,8.26
2019-08-16,205.394424,1792.569946,9273.521484,18.469999,57.619999,25886.009766,183.699997,1409.199951,1177.599976,14.94,77.695137,7895.990234,302.799988,20261.039063,1493.640015,2888.679932,82.605309,219.940002,105.382004,8.61
2019-08-19,209.223816,1816.119995,9527.160156,16.879999,56.779999,26135.789063,186.169998,1421.300049,1198.449951,14.84,74.05365,8002.810059,309.380005,20456.080078,1508.849976,2923.649902,84.930153,226.830002,105.358002,8.53
2019-08-20,209.233765,1801.380005,10144.556641,17.5,55.299999,25962.439453,183.809998,1426.099976,1182.689941,14.04,81.983353,7948.560059,298.98999,20479.419922,1498.01001,2900.51001,84.544647,225.860001,106.589996,8.42
2019-08-21,211.501556,1823.540039,10701.691406,15.8,55.630001,26202.730469,183.550003,1425.099976,1191.25,13.93,80.033264,8020.209961,297.809998,20460.929688,1509.849976,2924.429932,101.813385,220.830002,105.916,8.71
2019-08-22,211.322525,1804.660034,10855.371094,16.68,null,26252.240234,182.039993,null,1189.530029,13.62,76.670341,7991.390137,296.929993,20704.369141,1506,2922.949951,105.095139,222.149994,106.083,8.1
2019-08-23,201.555099,1749.619995,11011.102539,19.870001,56.220001,25628.900391,177.75,1425.300049,1151.290039,13.16,88.589775,7751.77002,291.440002,20620.189453,1459.48999,2847.110107,102.297745,211.399994,106.43,7.03
2019-08-26,205.384476,1768.869995,11790.916992,19.32,56.77,25898.830078,180.360001,1420.099976,1168.890015,13.05,88.689262,7853.740234,294.980011,20625.160156,1476,2878.379883,103.562988,215,106.573997,6.78
2019-08-27,203.066956,1761.829956,13016.231445,20.309999,55.880001,25777.900391,181.300003,1422.800049,1167.839966,12.83,96.071747,7826.950195,291.029999,20649.140625,1456.040039,2869.159912,103.493797,214.080002,106.274002,6.8
2019-08-28,204.429626,1764.25,11182.806641,19.35,56.02,26036.099609,181.759995,1413.900024,1171.02002,13.01,94.519638,7856.879883,291.769989,21085.939453,1472.709961,2887.939941,105.174217,215.589996,106.597,7.01
2019-08-29,207.890976,1786.400024,12407.332031,17.879999,56.200001,26362.25,185.570007,1418.5,1192.849976,13.16,86.659576,7973.390137,296.779999,21199.570313,1496.719971,2924.580078,106.686584,221.710007,106.468002,7.2
2019-08-30,207.622437,1776.290039,11959.371094,18.98,null,26403.279297,185.669998,null,1188.099976,12.8,87.157051,7962.879883,293.75,21318.419922,1494.839966,2926.459961,105.806847,225.610001,104.851997,6.63
2019-09-03,204.598694,1789.839966,10817.155273,19.66,56.869999,26118.019531,182.389999,1419.599976,1168.390015,12.59,92.887932,7874.160156,289.290009,21392.099609,1472.280029,2906.27002,105.480644,225.009995,105.977997,6.27
2019-09-04,208.070038,1800.619995,10583.134766,17.33,58.049999,26355.470703,187.139999,1429.699951,1181.410034,13.47,97.693512,7976.879883,291.519989,21597.759766,1484.76001,2937.780029,106.123154,220.679993,105.737999,6.8
2019-09-05,212.138123,1840.719971,10801.677734,16.27,58.580002,26728.150391,190.899994,1426.099976,1211.380005,13.53,81.346588,8116.830078,293.25,21759.609375,1510.75,2976,107.289566,229.580002,106.07,7.38
2019-09-06,212.118225,1833.51001,11961.269531,15,53.950001,26797.460938,187.490005,1420.900024,1204.930054,13.19,74.640663,8103.069824,290.170013,21988.289063,1505.170044,2978.709961,108.584465,227.449997,106.438004,7.27
2019-09-09,213.023361,1831.349976,11215.4375,15.27,55.66,26835.509766,188.759995,1445.599976,1204.410034,13.28,68.452118,8087.439941,294.339996,22001.320313,1524.22998,2978.429932,106.70636,231.789993,106.127998,8.04
2019-09-10,215.53981,1820.550049,10978.459961,15.2,null,26909.429688,186.169998,null,1206,15.59,66.730865,8084.160156,287.98999,21960.710938,1541.609985,2979.389893,107.576225,235.539993,106.193001,7.93
2019-09-11,222.392929,1822.98999,11208.550781,14.61,54.689999,27137.039063,188.490005,1464.599976,1220.170044,16.540001,67.457176,8169.680176,288.269989,22044.449219,1575.709961,3000.929932,107.714607,247.100006,105.861,7.93
2019-09-12,221.895599,1843.550049,11450.84668,14.22,53.630001,27182.449219,187.470001,1472.400024,1234.25,15.72,63.82563,8194.469727,288.859985,22079.089844,1575.069946,3009.570068,107.684952,245.869995,106.324997,7.49
2019-09-13,217.578842,1839.339966,12285.958008,13.74,51.09,27219.519531,187.190002,1507.300049,1239.560059,16.719999,58.413136,8176.709961,294.149994,22098.839844,1578.140015,3007.389893,106.745895,245.199997,107.071999,7.54
2019-09-16,218.722687,1807.839966,12573.8125,14.67,52.540001,27076.820313,186.220001,1497.699951,1231.300049,17.32,63.726139,8153.540039,294.290009,22020.150391,1584.599976,2997.959961,105.727768,242.809998,106.945,11.23
2019-09-17,219.518402,1822.550049,12156.512695,14.44,54.5,27110.800781,188.080002,1496.599976,1229.150024,17.440001,68.551613,8186.02002,298.600006,22048.240234,1578.290039,3005.699951,106.044083,244.789993,107.336998,9.42
2019-09-18,221.577332,1817.459961,11358.662109,13.95,null,27147.080078,188.139999,null,1232.410034,16.91,62.263569,8177.390137,291.559998,21878.900391,1568.339966,3006.72998,105.737656,243.490005,107.599998,9.52
2019-09-19,219.777023,1821.5,11815.986328,14.05,54.93,27094.789063,190.139999,1505.300049,1238.709961,17.049999,67.377579,8182.879883,286.600006,21755.839844,1561.469971,3006.790039,106.627281,246.600006,108.021004,8.97
2019-09-20,216.564285,1794.160034,11392.378906,15.32,57.099998,26935.070313,189.929993,1502.199951,1229.930054,16.59,72.959206,8117.669922,270.75,21885.240234,1559.76001,2992.070068,105.441101,240.619995,108.176003,9.63
2019-09-23,217.548996,1785.300049,10256.058594,14.91,55.23,26949.990234,186.820007,1515.900024,1234.030029,16.93,78.34185,8112.459961,265.920013,21778.609375,1558.25,2991.780029,107.526794,241.229996,107.764999,9.52
2019-09-24,216.514557,1741.609985,10895.089844,17.049999,54.470001,26807.769531,181.279999,1519.599976,1218.76001,15.81,81.535271,7993.629883,254.589996,21341.740234,1533.589966,2966.600098,106.212112,223.210007,108.161003,8.8
2019-09-25,219.846634,1768.329956,9477.641602,15.96,54.869999,26970.710938,182.800003,1512.5,1246.52002,15.23,70.647949,8077.379883,264.75,21410.199219,1550.650024,2984.870117,105.569611,228.699997,108.086998,8.93
2019-09-26,218.712738,1739.839966,9693.802734,16.07,null,26891.119141,180.110001,null,1241.390015,14.35,67.268097,8030.660156,263.309998,21375.25,1533.329956,2977.620117,105.065483,242.559998,108.425003,8.39
2019-09-27,217.648483,1725.449951,10666.482422,17.219999,56.209999,26820.25,177.100006,1500.400024,1225.089966,14.32,63.818451,7939.629883,263.079987,21587.779297,1520.47998,2961.790039,104.897446,242.130005,108.041,7.95
2019-09-30,222.770889,1735.910034,10530.732422,16.24,56.34,26916.830078,178.080002,1504.599976,1219,13.26,56.969006,7999.339844,267.619995,21456.380859,1523.369995,2976.73999,105.678345,240.869995,107.652,8.03
2019-10-01,223.387573,1735.650024,10767.139648,18.559999,55.68,26573.039063,175.809998,1504.599976,1205.099976,12.62,59.89024,7908.680176,269.579987,21551.980469,1493.430054,2940.25,104.719513,244.690002,107.613998,7.26
2019-10-02,217.78772,1713.22998,10599.105469,20.559999,55.349998,26078.619141,174.600006,1497.300049,1176.630005,13.54,62.921143,7785.25,268.029999,21798.869141,1479.630005,2887.610107,103.948502,243.130005,107.163002,7.11
2019-10-03,219.637756,1724.420044,10343.106445,19.120001,54.169998,26201.039063,179.380005,1526.599976,1187.829956,14.14,62.113567,7872.259766,268.149994,22207.210938,1486.349976,2910.629883,105.391685,233.029999,107.692001,7.31
2019-10-04,225.794617,1739.650024,9900.767578,17.040001,null,26573.720703,180.449997,null,1209,14.37,66.221237,7982.470215,272.790009,22472.919922,1500.699951,2952.01001,107.843109,231.429993,107.755997,7.24
2019-10-07,225.844345,1732.660034,9811.925781,17.860001,53.639999,26478.019531,179.679993,1526.300049,1207.680054,14.87,63.519344,7956.290039,274.459991,22451.859375,1497.790039,2938.790039,106.70636,237.720001,107.944,7.21
2019-10-08,223.198593,1705.51001,9911.841797,20.280001,54.93,26164.039063,177.75,1541,1189.130005,14.27,68.594116,7823.779785,270.720001,22492.679688,1472.599976,2893.060059,107.269791,240.050003,108.069,6.83
2019-10-09,225.814514,1721.98999,9870.303711,18.639999,55.779999,26346.009766,179.850006,1537.800049,1202.310059,13.76,65.154434,7903.740234,267.529999,22548.900391,1479.459961,2919.399902,109.088593,244.529999,107.737,6.93
2019-10-10,228.858124,1720.26001,9477.677734,17.57,56.709999,26496.669922,180.029999,1526.5,1208.670044,13.99,66.300995,7950.779785,280.480011,22625.380859,1485.359985,2938.129883,109.296173,244.740005,107.163002,6.86
2019-10-11,234.945358,1731.920044,9552.860352,15.58,55.099998,26816.589844,184.190002,1519.099976,1215.449951,14.17,59.920147,8057.040039,282.929993,22750.599609,1511.900024,2970.27002,110.541664,247.889999,106.825996,7.43
2019-10-14,234.607178,1736.430054,9519.145508,14.57,null,26787.359375,183.279999,null,1217.140015,14.06,59.660927,8048.649902,285.529999,22799.810547,1505.430054,2966.149902,109.869492,256.959991,106.764,7.25
2019-10-15,234.060135,1767.380005,9607.423828,13.54,53.939999,27024.800781,188.889999,1545.900024,1243.01001,14.39,53.599121,8148.709961,284.25,22867.269531,1523.300049,2995.679932,110.600967,257.890015,107.250999,6.73
2019-10-16,233.115204,1777.430054,10085.62793,13.68,56.259998,27001.980469,189.550003,1550.300049,1243.640015,15.3,57.377781,8124.180176,286.279999,22974.130859,1525.060059,2989.689941,110.897514,259.75,106.960999,6.66
2019-10-17,234.02034,1787.47998,10399.668945,13.79,56.299999,27025.880859,190.389999,1515.400024,1253.069946,15.86,60.498413,8156.850098,293.350006,22843.119141,1541.839966,2997.949951,111.925529,261.970001,107.178001,6.74
2019-10-18,235.144302,1757.51001,10518.174805,14.25,56.52,26770.199219,185.850006,1506.199951,1245.48999,15.44,59.68087,8089.540039,275.299988,22927.039063,1535.47998,2986.199951,111.510368,256.950012,107.879997,6.55
2019-10-21,239.222336,1785.660034,10821.726563,14,null,26827.640625,189.759995,null,1246.150024,15.82,55.493435,8162.990234,278.049988,22850.769531,1552.410034,3006.719971,112.370354,253.5,108.459,6.69
2019-10-22,238.675293,1765.72998,10970.18457,14.46,57.849998,26788.099609,182.339996,1502.199951,1242.800049,16.09,55.583168,8104.299805,266.690002,23251.990234,1550.869995,2995.98999,111.885994,255.580002,108.388,6.9
2019-10-23,241.878036,1762.170044,11805.65332,14.01,57.400002,26833.949219,186.149994,1490.300049,1259.130005,16.030001,57.517361,8119.790039,271.269989,23303.820313,1552.859985,3004.52002,110.077072,254.679993,108.817001,7.26
2019-10-24,242.275894,1780.780029,11478.168945,13.71,55.75,26805.529297,186.380005,1494.400024,1260.98999,16.379999,61.754642,8185.799805,271.5,23330.320313,1548.48999,3010.290039,108.979866,299.679993,108.677002,6.93
2019-10-25,245.259842,1761.329956,11941.96875,12.65,55.09,26958.060547,187.889999,1498.699951,1265.130005,16.200001,64.197311,8243.120117,276.820007,23391.869141,1558.709961,3022.550049,107.76403,328.130005,108.581001,7.41
2019-10-28,247.716614,1777.079956,11966.407227,13.11,54.849998,27090.720703,189.399994,1490.900024,1290,15.99,60.029819,8325.990234,281.859985,23331.839844,1571.930054,3039.419922,108.455971,327.709991,108.407997,7.15
2019-10-29,241.987442,1762.709961,11862.936523,13.2,null,27071.460938,189.309998,null,1262.619995,15.84,61.874287,8276.849609,281.209991,23520.009766,1577.069946,3036.889893,106.904053,316.220001,108.600998,7.27
2019-10-30,241.957611,1779.98999,11354.024414,12.33,62.900002,27186.689453,188.25,1503.099976,1261.290039,15.82,64.316956,8303.980469,291.450012,23319.869141,1572.849976,3046.77002,106.686584,315.01001,108.483002,6.67
2019-10-31,247.428162,1776.660034,11523.579102,13.22,59.34,27046.230469,191.649994,1505.099976,1260.109985,16,69.232201,8292.360352,287.410004,23141.550781,1562.449951,3037.560059,105.678345,314.920013,108.641998,6.34
2019-11-01,254.450378,1791.439941,11382.616211,12.3,58.110001,27347.359375,193.619995,1507.5,1273.73999,17.17,70.079659,8386.400391,286.809998,23303.320313,1589.329956,3066.909912,106.577858,313.309998,108.606003,6.79
2019-11-04,256.121368,1804.660034,10895.830078,12.83,58.130001,27462.109375,194.720001,1498.400024,1291.369995,17.25,67.148453,8433.200195,292.859985,23416.759766,1597.400024,3078.27002,107.516907,317.470001,108.734001,7.62
2019-11-05,255.753372,1801.709961,10051.704102,13.1,58.09,27492.630859,194.320007,1507.300049,1292.030029,17.74,61.814465,8434.679688,288.029999,23292.650391,1599.609985,3074.620117,108.792053,317.220001,108.963997,7.48
2019-11-06,255.862762,1795.77002,10311.545898,12.62,null,27492.560547,191.550003,null,1291.800049,17.18,64.277077,8410.629883,288.589996,23148.570313,1589.540039,3076.780029,109.23687,326.579987,108.874001,7.04
2019-11-07,258.815735,1788.199951,10374.338867,12.73,58.639999,27674.800781,190.419998,1523.699951,1308.859985,17.139999,56.929127,8434.519531,289.570007,23038.580078,1593.98999,3085.179932,109.315941,335.540009,108.789001,7.27
2019-11-08,259.524078,1785.880005,10231.744141,12.07,57.290001,27681.240234,190.839996,1532.099976,1311.369995,17.459999,54.825443,8475.30957,291.570007,23112.880859,1598.859985,3093.080078,108.88102,337.140015,107.996002,7.21
2019-11-11,261.579193,1771.650024,10345.810547,12.69,56.490002,27691.490234,189.610001,1504.599976,1299.189941,17.200001,54.645981,8464.280273,294.179993,23292.810547,1594.77002,3087.01001,109.177551,345.089996,108.220001,6.75
2019-11-12,261.339752,1778,10916.053711,12.68,56.41,27691.490234,194.470001,1507.5,1298.800049,17.4,57.39772,8486.089844,292.01001,23373.320313,1595.119995,3091.840088,107.101753,349.929993,108.694,6.73
2019-11-13,263.843811,1753.109985,10763.232422,13,55.91,27783.589844,193.190002,1499.099976,1298,17.34,57.975986,8482.099609,283.109985,23437.769531,1589.180054,3094.040039,107.329102,346.109985,109.146004,6.58
2019-11-14,262.018158,1754.599976,10138.049805,13.05,null,27781.960938,193.149994,null,1311.459961,17.299999,60.289043,8479.019531,289.619995,23409.140625,1588.790039,3096.629883,109.829956,349.350006,108.913002,6.33
2019-11-15,265.130768,1739.48999,10131.055664,12.05,54.07,28004.890625,195.100006,1465.699951,1334.869995,17.540001,58.155449,8540.830078,295.029999,23293.910156,1596.449951,3120.459961,111.905762,352.170013,109.274002,6.33
2019-11-18,266.46759,1752.530029,10407.964844,12.46,53.619999,28036.220703,197.399994,1482,1320.699951,17.799999,60.458534,8549.94043,302.570007,23529.5,1592.339966,3122.030029,110.670158,349.98999,109.225998,5.84
2019-11-19,265.659515,1752.790039,10159.960938,12.86,52.639999,27934.019531,199.320007,1501,1315.459961,18.74,59.63102,8570.660156,302.600006,23379.810547,1598.290039,3120.179932,110.22271,359.519989,109.042,5.35
2019-11-20,262.566864,1745.530029,10138.517578,12.78,52.450001,27821.089844,197.509995,1507.099976,1303.050049,18.83,60.767609,8526.730469,305.160004,23135.230469,1591.609985,3108.459961,125.714546,352.220001,108.992996,5.3
2019-11-21,261.389648,1734.709961,10370.820313,13.13,52.810001,27766.289063,197.929993,1506.199951,1301.349976,18.4,56.201309,8506.209961,311.690002,23300.089844,1583.959961,3103.540039,126.927643,354.829987,108.797997,5.33
2019-11-22,261.160187,1745.719971,10185.5,12.34,null,27875.619141,198.820007,null,1295.339966,18.559999,55.672897,8519.879883,310.480011,23354.400391,1588.939941,3110.290039,126.301201,333.040009,108.491997,5.34
2019-11-25,265.739319,1773.839966,9754.422852,11.87,52.75,28066.470703,199.789993,1497.699951,1306.689941,18.719999,54.017864,8632.490234,315.549988,23430.699219,1621.900024,3133.639893,124.48156,336.339996,108.698997,5.43
2019-11-26,263.664246,1796.939941,9510.200195,11.54,52.630001,28121.679688,198.970001,1497.199951,1313.550049,18.799999,58.653954,8647.929688,312.48999,23410.189453,1624.22998,3140.52002,126.171936,328.920013,108.662003,4.89
2019-11-27,267.205841,1818.51001,9598.173828,11.75,52.59,28164,202,1506.099976,1312.98999,18.99,57.686855,8705.179688,315.929993,23391.859375,1634.099976,3153.629883,125.187546,331.290009,108.445,5.14
2019-11-29,266.617249,1800.800049,9630.664063,12.62,53.549999,28051.410156,201.639999,1494.800049,1304.959961,18.780001,62.013866,8665.469727,314.660004,23424.810547,1624.5,3140.97998,124.302582,329.940002,108.477997,4.58
2019-12-02,263.534546,1781.599976,9757.970703,14.91,54.700001,27783.039063,199.699997,1482.699951,1289.920044,18.75,62.592129,8567.990234,309.98999,24023.099609,1607.579956,3113.870117,123.278412,334.869995,108.584999,4.56
2019-12-03,258.835724,1769.959961,10346.760742,15.96,null,27502.810547,198.820007,null,1295.280029,19,68.703789,8520.639648,306.160004,23952.349609,1602.630005,3093.199951,123.338066,336.200012,108.730003,4.49
2019-12-04,261.12027,1760.689941,10623.540039,14.8,53.59,27649.779297,198.710007,1491.699951,1320.540039,18.01,67.17836,8566.669922,304.320007,24066.119141,1613.900024,3112.76001,123.815346,333.029999,108.991997,5.05
2019-12-05,264.951172,1740.47998,10594.493164,14.52,52.810001,27677.789063,199.360001,1477.599976,1328.130005,18.5,67.876274,8570.700195,302.859985,23934.429688,1614.829956,3117.429932,123.974449,330.369995,109.097,4.68
2019-12-06,270.069031,1751.599976,10575.533203,13.62,53.360001,28015.060547,201.050003,1488,1340.619995,20.59,61.166409,8656.530273,307.350006,23864.849609,1633.839966,3145.909912,124.322464,335.890015,109.366997,5.19
2019-12-09,266.288025,1749.51001,10353.302734,15.86,53.93,27909.599609,201.339996,1492.300049,1343.560059,20.879999,61.565212,8621.830078,302.5,23816.630859,1629.619995,3135.959961,125.734428,339.529999,109.512001,5.6
2019-12-10,267.84433,1739.209961,10517.254883,15.68,53.779999,27881.720703,200.869995,1488.199951,1344.660034,21,62.093624,8616.179688,293.119995,23821.109375,1631.709961,3132.52002,125.058273,348.839996,109.535004,5.71
2019-12-11,270.128906,1748.719971,10441.276367,14.99,null,27911.300781,202.259995,null,1345.02002,20.73,67.577164,8654.049805,298.929993,23830.580078,1631.930054,3141.629883,125.088112,352.700012,109.022003,5.65
2019-12-12,270.817261,1760.329956,10334.974609,13.94,53.310001,28132.050781,196.75,1482.400024,1350.27002,20.73,67.018845,8717.320313,298.440002,23782.869141,1644.810059,3168.570068,126.79837,359.679993,108.653,6.35
2019-12-13,274.498535,1760.939941,10115.975586,12.63,54.16,28135.380859,194.110001,1481.699951,1347.829956,20.67,67.218246,8734.879883,298.5,23924.919922,1637.97998,3168.800049,126.500076,358.390015,108.832001,5.91
2019-12-16,279.197357,1769.209961,10178.37207,12.14,55.970001,28235.890625,197.919998,1489.900024,1361.170044,19.719999,64.635994,8814.230469,304.209991,23837.720703,1649.939941,3191.449951,125.2472,381.5,108.737999,6.04
2019-12-17,279.746094,1790.660034,10410.126953,12.29,56.23,28267.160156,198.389999,1498.900024,1355.119995,20.549999,63.499405,8823.360352,315.480011,23656.619141,1657.560059,3192.52002,127.653511,378.98999,108.626999,6.74
2019-12-18,279.077667,1784.030029,10360.546875,12.58,56.66,28239.279297,202.5,1499.5,1352.619995,20.139999,64.606087,8827.740234,320.799988,23204.859375,1661.72998,3191.139893,127.355209,393.149994,108.582001,6.77
2019-12-19,279.356995,1792.280029,10358.048828,12.5,null,28376.960938,206.059998,null,1356.040039,20,65.204292,8887.219727,332.220001,23575.720703,1667.089966,3205.370117,127.971695,404.040009,108.764,6.89
2019-12-20,278.778381,1786.5,10347.712891,12.51,55.810001,28455.089844,206.300003,1490,1349.589966,20.01,62.392731,8924.959961,336.899994,23204.759766,1671.900024,3221.219971,128.419144,405.589996,108.549004,6.85
2019-12-23,283.327576,1793,10276.793945,12.61,55.540001,28551.529297,206.179993,1487,1348.839966,20.030001,68.863304,8945.650391,333.100006,23739.869141,1674.140015,3224.01001,127.613731,419.220001,109.413002,6.95
2019-12-24,283.596924,1789.209961,10241.272461,12.67,55.060001,28515.449219,205.119995,1493.199951,1343.560059,20.5,76.629997,8952.879883,333.200012,23850.570313,1678.01001,3223.379883,127.822548,425.25,109.400002,7.02
2019-12-26,289.223602,1868.77002,10198.248047,12.65,54.18,28621.390625,207.789993,1511.400024,1360.400024,21.67,81.315926,9022.389648,332.630005,24025.169922,1677.670044,3239.909912,128.160614,430.940002,109.575996,7.08
2019-12-27,289.113831,1869.800049,10266.415039,13.43,56.200001,28645.259766,208.100006,1508,1351.890015,21.77,77.896194,9006.620117,329.089996,23916.580078,1669.030029,3240.02002,128.478821,430.380005,109.515999,6.81
2019-12-30,290.829773,1846.890015,10181.641602,14.82,null,28462.140625,204.410004,null,1336.140015,21.299999,83.589104,8945.990234,323.309998,23933.130859,1664.150024,3221.290039,128.160614,414.700012,109.551003,6.76
2019-12-31,292.954712,1847.839966,10019.716797,13.78,56.540001,28538.439453,205.25,1508,1337.02002,21.16,83.220215,8972.599609,323.570007,24041.259766,1668.469971,3230.780029,127.484474,418.329987,109.383003,7.34
2020-01-02,299.638885,1898.01001,10070.392578,12.47,57.23,28868.800781,209.779999,1480.800049,1367.369995,20.360001,83.858299,9092.19043,329.809998,24083.509766,1666.77002,3257.850098,125.356583,430.26001,109.499001,7.23
2020-01-03,296.725769,1874.969971,9729.324219,14.02,56.349998,28634.880859,208.669998,1490.199951,1360.660034,19.790001,81.176346,9020.769531,325.899994,23864.560547,1660.869995,3234.850098,124.053993,443.01001,109.382004,7.85
2020-01-06,299.090149,1902.880005,8620.566406,13.85,57.150002,28703.380859,212.600006,1464.199951,1394.209961,19.92,81.385719,9071.469727,335.829987,24031.349609,1663.26001,3246.280029,122.880669,451.540009,109.383003,8
2020-01-07,297.683533,1906.859985,8486.993164,13.79,57.240002,28583.679688,213.059998,1461.300049,1393.339966,19.93,85.284019,9068.580078,330.75,23795.439453,1658.310059,3237.179932,123.099426,469.059998,109.369003,8.16
2020-01-08,302.472137,1891.969971,8118.967773,13.45,null,28745.089844,215.220001,null,1404.319946,20.360001,74.496399,9129.240234,339.26001,23827.179688,1663.589966,3253.050049,122.701691,492.140015,109.542,7.45
2020-01-09,308.896912,1901.050049,8251.845703,12.54,56.860001,28956.900391,218.300003,1455.5,1419.829956,20.07,71.176361,9203.429688,335.660004,23343.509766,1664.98999,3274.699951,122.801125,481.339996,109.428001,7.07
2020-01-10,309.595215,1883.160034,8245.915039,12.56,56.799999,28823.769531,218.059998,1452.099976,1429.72998,19.59,74.31694,9178.860352,329.049988,23215.710938,1657.640015,3265.350098,124.024162,478.149994,108.873001,6.68
2020-01-13,316.209534,1891.300049,8104.185547,12.32,57.119999,28907.050781,221.910004,1461.699951,1439.22998,19.299999,67.876274,9273.929688,338.920013,23379.400391,1669.609985,3288.129883,123.169029,524.859985,108.681,6.25
2020-01-14,311.939667,1869.439941,8293.868164,12.39,56.77,28939.669922,219.059998,1471.800049,1430.880005,20.030001,72.492416,9251.330078,338.690002,22977.75,1675.73999,3283.149902,124.551163,537.919983,108.712997,6.41
2020-01-15,310.602844,1862.02002,8343.276367,12.42,57.720001,29030.220703,221.149994,1467.300049,1439.199951,19.57,76.310951,9258.700195,339.070007,23205.179688,1682.400024,3289.290039,116.337906,518.5,108.542999,6.26
2020-01-16,314.493591,1877.939941,8393.041992,12.32,null,29297.640625,221.770004,null,1451.699951,19.35,74.486427,9357.129883,338.619995,22971.939453,1705.219971,3316.810059,115.661751,513.48999,107.963997,5.9
2020-01-17,317.975372,1864.719971,8259.992188,12.1,57.049999,29348.099609,222.139999,1470.900024,1480.390015,19.01,73.868279,9388.94043,339.670013,23084.589844,1699.640015,3329.620117,116.258354,510.5,108.405998,5.59
